{
  "animations": [
    {
      "id": "front",
      "position": "fromEntityBottomLeft",
      "requiredLoops": 5
    },
    {
      "id": "idle",
      "position": "fromEntityBottomLeft",
      "requiredLoops": 2
    },
    {
      "id": "eat",
      "position": "fromEntityBottomLeft",
      "requiredLoops": 10
    },
    {
      "id": "sleep",
      "position": "fromEntityBottomLeft",
      "requiredLoops": 50
    }
  ],
  "capabilities": [
      "AnimatedSprite",
      "AnimationsProvider",
      "AnimationsScheduler",
      "AutoRespawn",
      "BounceOnLateralCollisions",
      "Draggable",
      "FlipHorizontallyWhenGoingLeft",
      "Gravity",
      "LinearMovement",
      "PetsSpritesProvider",
      "Rotating",
      "ShowsMenuOnRightClick"
  ],
  "dragPath": "drag",
  "fps": 10,
  "zIndex": 0,
  "tags": ["cats"],
  "id": "cat_cyan",
  "movementPath": "walk",
  "speed": 0.8
}
