{
  "animations": [
    {
      "id": "front",
      "position": "fromEntityBottomLeft",
      "requiredLoops": 3
    },
    {
      "id": "idle",
      "position": "fromEntityBottomLeft",
      "requiredLoops": 2
    },
    {
      "id": "eat",
      "position": "fromEntityBottomLeft",
      "requiredLoops": 2
    },
    {
      "id": "love",
      "position": "fromEntityBottomLeft"
    }
  ],
  "capabilities": [
    "AnimatedSprite",
    "AnimationsProvider",
    "AnimationsScheduler",
    "AutoRespawn",
    "BounceOnLateralCollisions",
    "Draggable",
    "FlipHorizontallyWhenGoingLeft",
    "Gravity",
    "LinearMovement",
    "PetsSpritesProvider",
    "RandomPlatformJumper",
    "Rotating",
    "ShowsMenuOnRightClick"
  ],
  "dragPath": "drag",
  "fps": 10,
  "zIndex": 0,
  "tags": ["birds"],
  "id": "crow_white",
  "movementPath": "fly",
  "speed": 1.4
}
