{
  "animations": [
    {
      "id": "jumpBomb",
      "position": "fromEntityBottomLeft",
      "requiredLoops": 1
    },
    {
      "id": "jump",
      "position": "fromEntityBottomLeft",
      "requiredLoops": 1
    },
    {
      "id": "bombBurst",
      "position": "fromEntityBottomLeft",
      "requiredLoops": 1
    },
    {
      "id": "run",
      "position": "fromEntityBottomLeft",
      "requiredLoops": 3
    },
    {
      "id": "shin",
      "position": "fromEntityBottomLeft",
      "requiredLoops": 1
    },
    {
      "id": "rotate",
      "position": "fromEntityBottomLeft",
      "requiredLoops": 1
    }
  ],
  "capabilities": [
    "AnimatedSprite",
    "AnimationsProvider",
    "AutoRespawn",
    "BounceOnLateralCollisions",
    "AnimationsScheduler",
    "Draggable",
    "Gravity",
    "ShowsMenuOnRightClick",
    "FlipHorizontallyWhenGoingLeft",
    "LinearMovement",
    "PetsSpritesProvider",
    "AnimationsScheduler",
    "Rotating"
  ],
  "dragPath": "flight",
  "fps": 10,
  "zIndex": 0,
  "tags": ["memes"],
  "id": "klee",
  "movementPath": "walk",
  "speed": 0.8
}
