{
  "animations": [
    {
      "id": "sleep",
      "position": "fromEntityBottomLeft",
      "requiredLoops": 50
    },
    {
      "id": "front",
      "position": "fromEntityBottomLeft",
      "requiredLoops": 5
    }
  ],
  "capabilities": [
    "AnimatedSprite",
    "AnimationsProvider",
    "AutoRespawn",
    "BounceOnLateralCollisions",
    "Draggable",
    "FlipHorizontallyWhenGoingLeft",
    "Gravity",
    "LinearMovement",
    "PetsSpritesProvider",
    "AnimationsScheduler",
    "Rotating",
    "ShowsMenuOnRightClick"
  ],
  "dragPath": "drag",
  "fallPath": "drag",
  "fps": 10,
  "zIndex": 0,
  "tags": ["supporters-only"],
  "id": "mushroomwizard",
  "movementPath": "walk",
  "speed": 0.4
}
