{
  "animations": [
    {
      "id": "front",
      "position": "fromEntityBottomLeft",
      "requiredLoops": 2
    },
    {
      "id": "idle",
      "position": "fromEntityBottomLeft"
    },
    {
      "id": "eat",
      "position": "fromEntityBottomLeft",
      "requiredLoops": 2
    },
    {
      "id": "love",
      "position": "fromEntityBottomLeft"
    },
    {
      "id": "selfie",
      "position": "fromEntityBottomLeft",
      "requiredLoops": 2
    },
    {
      "id": "lightsaber",
      "position": "fromEntityBottomLeft",
      "size": [
        3.356,
        1.86
      ]
    }
  ],
  "capabilities": [
    "AnimatedSprite",
    "AnimationsProvider",
    "AutoRespawn",
    "BounceOnLateralCollisions",
    "Draggable",
    "FlipHorizontallyWhenGoingLeft",
    "Gravity",
    "LinearMovement",
    "PetsSpritesProvider",
    "AnimationsScheduler",
    "Rotating",
    "ShowsMenuOnRightClick"
  ],
  "dragPath": "drag",
  "fps": 10,
  "zIndex": 0,
  "tags": ["forest", "memes"],
  "id": "sloth_swag",
  "movementPath": "walk",
  "speed": 0.6
}
